{
    "CalibrationStereoCameraData": {
        "ImageTotal": 37,
        "ImageUseable": 37,
        "Q": [
            [
                1.0,
                0.0,
                0.0,
                -2716.630813598633
            ],
            [
                0.0,
                1.0,
                0.0,
                -1575.9752517938614
            ],
            [
                0.0,
                0.0,
                0.0,
                2690.5375729768602
            ],
            [
                0.0,
                0.0,
                1.482155180340281,
                -0.0
            ]
        ],
        "RMS": 3077.177448879024,
        "Rotation": [
            [
                0.9984984692634551,
                0.053152452174558176,
                0.013252309473003807
            ],
            [
                -0.054333847522226725,
                0.9917550937280178,
                0.11605889486791625
            ],
            [
                -0.006974230564612623,
                -0.11660467783224619,
                0.9931539202035452
            ]
        ],
        "Translation": [
            [
                -0.6224452061524206
            ],
            [
                -0.25995949875915825
            ],
            [
                0.013925475804852712
            ]
        ]
    },
    "Description": "Stereo camera calibration using ChArUco markers",
    "LeftCalibrationCameraData": {
        "CameraMatrix": [
            [
                2667.31899737867,
                0.0,
                2636.742943718082
            ],
            [
                0.0,
                2652.300637179843,
                1410.2345965083018
            ],
            [
                0.0,
                0.0,
                1.0
            ]
        ],
        "DistortionCoefficients": [
            [
                -0.29703183504586267,
                0.146404237928267,
                -0.0029827630171768045,
                -0.001546023676285901,
                -0.04644261410496075
            ]
        ],
        "ImageTotal": 37,
        "ImageUseable": 37,
        "RMS": 0.4349020520755913
    },
    "RightCalibrationCameraData": {
        "CameraMatrix": [
            [
                2806.5376151667106,
                0.0,
                2586.533357540123
            ],
            [
                0.0,
                2728.7745087738776,
                1650.5994415854868
            ],
            [
                0.0,
                0.0,
                1.0
            ]
        ],
        "DistortionCoefficients": [
            [
                -0.2486126779675012,
                0.08336576579203546,
                -0.006534249069932173,
                0.005103390536782674,
                -0.015427859266437029
            ]
        ],
        "ImageTotal": 37,
        "ImageUseable": 37,
        "RMS": 0.6977309963092443
    }
}
