{
    "CalibrationStereoCameraData": {
        "ImageTotal": 29,
        "ImageUseable": 29,
        "Q": [
            [
                1.0,
                0.0,
                0.0,
                -2750.173385620117
            ],
            [
                0.0,
                1.0,
                0.0,
                -1426.6478385925293
            ],
            [
                0.0,
                0.0,
                0.0,
                2690.306046655599
            ],
            [
                0.0,
                0.0,
                2.8510375788718005,
                -0.0
            ]
        ],
        "RMS": 11136.964861679291,
        "Rotation": [
            [
                0.9920892901158591,
                0.1118268063968151,
                0.057040387520597834
            ],
            [
                -0.11219560699198201,
                0.9936806789010036,
                0.0032945637861801365
            ],
            [
                -0.056311510449564874,
                -0.009668182348804205,
                0.9983664357544072
            ]
        ],
        "Translation": [
            [
                -0.3191087083771813
            ],
            [
                0.12835526682148263
            ],
            [
                0.06870056892395922
            ]
        ]
    },
    "Description": "Stereo camera calibration using ChArUco markers",
    "LeftCalibrationCameraData": {
        "CameraMatrix": [
            [
                2694.698832812516,
                0.0,
                2702.8753938725254
            ],
            [
                0.0,
                2695.555819670711,
                1492.8809895087936
            ],
            [
                0.0,
                0.0,
                1.0
            ]
        ],
        "DistortionCoefficients": [
            [
                -0.2681530433357686,
                0.10398667173690695,
                -0.00021576245587405998,
                -0.0003375675539313732,
                -0.021168203358560178
            ]
        ],
        "ImageTotal": 29,
        "ImageUseable": 29,
        "RMS": 0.5518500548279853
    },
    "RightCalibrationCameraData": {
        "CameraMatrix": [
            [
                2687.5656673598596,
                0.0,
                2642.2221641391307
            ],
            [
                0.0,
                2685.0562736404872,
                1498.6212940736361
            ],
            [
                0.0,
                0.0,
                1.0
            ]
        ],
        "DistortionCoefficients": [
            [
                -0.26402060587679094,
                0.10012343485365174,
                7.170591322256741e-05,
                -8.128615855071362e-05,
                -0.021298207151486493
            ]
        ],
        "ImageTotal": 29,
        "ImageUseable": 29,
        "RMS": 0.5372082822390034
    }
}
